priority,product_id,product_name,food_id,legacy_category,legacy_grade,barcode,kids_flag,verification_status,label_photo,ingredients_verified,nutrition_facts_verified,allergens_verified,store_availability_checked,evidence_score_complete,review_notes,reviewer,reviewed_at
1,legacy_the_farmer_s_hen_eggs,The Farmer's Hen Eggs,hardboiled_eggs_cheese,proteins,A+,0856209005090,False,needs_review,,NO,NO,NO,NO,NO,,,
2,legacy_safe_catch_wild_elite_tuna,Safe Catch Wild Elite Tuna,tuna_cracker_box,proteins,A+,0859480006015,False,needs_review,,NO,NO,NO,NO,NO,,,
3,legacy_la_quercia_prosciutto_americano,La Quercia Prosciutto Americano,,proteins,A+,0824843119084,False,needs_review,,NO,NO,NO,NO,NO,,,
4,legacy_wild_alaskan_company_sockeye_salmon,Wild Alaskan Company Sockeye Salmon,,proteins,A+,0028029289664,False,needs_review,,NO,NO,NO,NO,NO,,,
5,legacy_amylu_organic_chicken_sausages,Amylu Organic Chicken Sausages,chicken_sausage_bites,proteins,A,0092227961127,False,needs_review,,NO,NO,NO,NO,NO,,,
6,legacy_bilinski_s_organic_chicken_sausage,Bilinski's Organic Chicken Sausage,chicken_sausage_bites,proteins,A,0071728071207,False,needs_review,,NO,NO,NO,NO,NO,,,
7,legacy_smart_chicken_boneless_breast,Smart Chicken Boneless Breast,,proteins,B+,0272859814613,False,needs_review,,NO,NO,NO,NO,NO,,,
8,legacy_applegate_organics_oven_roasted_chicken_breast,Applegate Organics Oven Roasted Chicken Breast,turkey_rollups,proteins,B+,0025317006675,False,needs_review,,NO,NO,NO,NO,NO,,,
9,legacy_applegate_natural_uncured_sunday_bacon,Applegate Natural Uncured Sunday Bacon,,proteins,B+,0025317315173,False,needs_review,,NO,NO,NO,NO,NO,,,
10,legacy_gilbert_s_caprese_chicken_sausage,Gilbert's Caprese Chicken Sausage,chicken_sausage_bites,proteins,B+,0859165002264,False,needs_review,,NO,NO,NO,NO,NO,,,
11,legacy_gilbert_s_sweet_pepper_onion_chicken_sausage,Gilbert's Sweet Pepper & Onion Chicken Sausage,chicken_sausage_bites,proteins,B+,0859165002431,False,needs_review,,NO,NO,NO,NO,NO,,,
12,legacy_gilbert_s_andouille_chicken_sausage,Gilbert's Andouille Chicken Sausage,chicken_sausage_bites,proteins,B+,0859165002486,False,needs_review,,NO,NO,NO,NO,NO,,,
13,legacy_gilbert_s_aloha_chicken_sausage,Gilbert's Aloha Chicken Sausage,chicken_sausage_bites,proteins,B+,0859165002363,False,needs_review,,NO,NO,NO,NO,NO,,,
14,legacy_gilbert_s_farmhouse_cheddar_chicken_sausage,Gilbert's Farmhouse Cheddar Chicken Sausage,chicken_sausage_bites,proteins,B,0859165002622,False,needs_review,,NO,NO,NO,NO,NO,,,
15,legacy_gilbert_s_smoked_gouda_chicken_sausage,Gilbert's Smoked Gouda Chicken Sausage,chicken_sausage_bites,proteins,B,0859165002417,False,needs_review,,NO,NO,NO,NO,NO,,,
16,legacy_gilbert_s_bourbon_apple_chicken_sausage,Gilbert's Bourbon Apple Chicken Sausage,chicken_sausage_bites,proteins,B,0859165002325,False,needs_review,,NO,NO,NO,NO,NO,,,
17,legacy_applegate_natural_uncured_turkey_hot_dog,Applegate Natural Uncured Turkey Hot Dog,,proteins,B,0025317520003,False,needs_review,,NO,NO,NO,NO,NO,,,
18,legacy_wanda_farms_eggs,Wanda Farms Eggs,hardboiled_eggs_cheese,proteins,A+,,False,needs_review,,NO,NO,NO,NO,NO,,,
19,legacy_paleovalley_summer_sausage,Paleovalley Summer Sausage,,proteins,A+,,False,needs_review,,NO,NO,NO,NO,NO,,,
20,legacy_chomps_grass_fed_beef_sticks,Chomps Grass-Fed Beef Sticks,,proteins,A+,,False,needs_review,,NO,NO,NO,NO,NO,,,
21,legacy_green_valley_cream_cheese,Green Valley Cream Cheese,,dairy,B+,,True,needs_review,,NO,NO,NO,NO,NO,,,
22,legacy_siggi_s_yogurt_pouches_all_flavors,Siggi's Yogurt Pouches ALL FLAVORS,yogurt,dairy,B-,,True,needs_review,,NO,NO,NO,NO,NO,,,
23,legacy_vital_farms_butter,Vital Farms Butter,,dairy,A+,0862315000263,False,needs_review,,NO,NO,NO,NO,NO,,,
24,legacy_siggi_s_whole_milk_plain_skyr,Siggi's Whole Milk Plain Skyr,yogurt,dairy,A,0898248000001,False,needs_review,,NO,NO,NO,NO,NO,,,
25,legacy_organic_valley_feta,Organic Valley Feta,,dairy,A,0093966213010,False,needs_review,,NO,NO,NO,NO,NO,,,
26,legacy_organic_valley_parmesan_shredded,Organic Valley Parmesan Shredded,,dairy,A,0093966002287,False,needs_review,,NO,NO,NO,NO,NO,,,
27,legacy_organic_valley_3_cheese_italian_shredded,Organic Valley 3 Cheese Italian Shredded,,dairy,A,0093966472080,False,needs_review,,NO,NO,NO,NO,NO,,,
28,legacy_fresh_thyme_heavy_whipping_cream,Fresh Thyme Heavy Whipping Cream,,dairy,B+,0841330111130,False,needs_review,,NO,NO,NO,NO,NO,,,
29,legacy_organic_valley_finely_shredded_mozzarella,Organic Valley Finely Shredded Mozzarella,,dairy,B+,0093966452709,False,needs_review,,NO,NO,NO,NO,NO,,,
30,legacy_alexandre_a2_a2_whole_milk,Alexandre A2/A2 Whole Milk,,dairy,A+,,False,needs_review,,NO,NO,NO,NO,NO,,,
31,legacy_pecorino_romano,Pecorino Romano,,dairy,A+,,False,needs_review,,NO,NO,NO,NO,NO,,,
32,legacy_boar_s_head_manchego,Boar's Head Manchego,,dairy,A+,,False,needs_review,,NO,NO,NO,NO,NO,,,
33,legacy_zeal_grass_fed_whole_milk,Zeal Grass-Fed Whole Milk,,dairy,A,,False,needs_review,,NO,NO,NO,NO,NO,,,
34,legacy_organic_valley_cheese_butter,Organic Valley Cheese/Butter,,dairy,A,,False,needs_review,,NO,NO,NO,NO,NO,,,
35,legacy_organic_valley_3_cheese_shredded_mexican,Organic Valley 3 Cheese Shredded Mexican,,dairy,A,,False,needs_review,,NO,NO,NO,NO,NO,,,
36,legacy_solely_fruit_jerky,Solely Fruit Jerky,fruit_bar,snacks,A+,0856261006134,True,needs_review,,NO,NO,NO,NO,NO,,,
37,legacy_bear_fruit_rolls,Bear Fruit Rolls,fruit_bar,snacks,A+,0817946020074,True,needs_review,,NO,NO,NO,NO,NO,,,
38,legacy_paleovalley_superfood_bars,Paleovalley Superfood Bars,,snacks,A,0850017780811,True,needs_review,,NO,NO,NO,NO,NO,,,
39,legacy_that_s_it_fruit_bars_strawberry_banana_apple_blueberry,That's It Fruit Bars Strawberry Banana Apple Blueberry,fruit_bar,snacks,A+,,True,needs_review,,NO,NO,NO,NO,NO,,,
40,legacy_solely_fruit_gummies_all_flavors,Solely Fruit Gummies all flavors,fruit_bar,snacks,A+,,True,needs_review,,NO,NO,NO,NO,NO,,,
41,legacy_skout_organic_kids_bars,Skout Organic Kids Bars,,snacks,A,,True,needs_review,,NO,NO,NO,NO,NO,,,
42,legacy_sunbutter_jammies,SunButter Jammies,,snacks,C+,,True,needs_review,,NO,NO,NO,NO,NO,,,
43,legacy_mary_s_gone_crackers,Mary's Gone Crackers,crackers,snacks,A+,0853665005268,False,needs_review,,NO,NO,NO,NO,NO,,,
44,legacy_navitas_cacao_nibs,Navitas Cacao Nibs,,snacks,A+,0858847000680,False,needs_review,,NO,NO,NO,NO,NO,,,
45,legacy_jackson_s_sweet_potato_chips,Jackson's Sweet Potato Chips,,snacks,A+,0850036699187,False,needs_review,,NO,NO,NO,NO,NO,,,
46,legacy_masa_traditional_tortilla_chips,MASA Traditional Tortilla Chips,cheese_quesadilla,snacks,A+,0860009133471,False,needs_review,,NO,NO,NO,NO,NO,,,
47,legacy_once_upon_a_farm_soft_baked_bar,Once Upon a Farm Soft-Baked Bar,,snacks,A,0810003512741,False,needs_review,,NO,NO,NO,NO,NO,,,
48,legacy_lesser_evil_popcorn,Lesser Evil Popcorn,popcorn,snacks,A,0180999001001,False,needs_review,,NO,NO,NO,NO,NO,,,
49,legacy_ithaca_x_graza_hummus,Ithaca x Graza Hummus,hummus,snacks,A,0853883006603,False,needs_review,,NO,NO,NO,NO,NO,,,
50,legacy_simple_mills_pop_mmms,Simple Mills Pop Mmms,,snacks,A,0810021671734,False,needs_review,,NO,NO,NO,NO,NO,,,
51,legacy_simple_mills_sweet_thins,Simple Mills Sweet Thins,,snacks,A,0810021671574,False,needs_review,,NO,NO,NO,NO,NO,,,
52,legacy_simple_mills_veggie_flour_pita_crackers,Simple Mills Veggie Flour Pita Crackers,crackers,snacks,B+,0856069005582,False,needs_review,,NO,NO,NO,NO,NO,,,
53,legacy_annie_s_cheddar_bunnies,Annie's Cheddar Bunnies,,snacks,C+,0013562494019,False,needs_review,,NO,NO,NO,NO,NO,,,
54,legacy_hu_kitchen_grain_free_crackers,Hu Kitchen Grain-Free Crackers,crackers,snacks,A+,,False,needs_review,,NO,NO,NO,NO,NO,,,
55,legacy_rootz_goji_berries,Rootz Goji Berries,,snacks,A+,,False,needs_review,,NO,NO,NO,NO,NO,,,
56,legacy_siete_almond_flour_tortillas,Siete Almond Flour Tortillas,cheese_quesadilla,grains_pasta_bread,A+,0869066000368,False,needs_review,,NO,NO,NO,NO,NO,,,
57,legacy_la_tortilla_organic_corn_tortillas,La Tortilla Organic Corn Tortillas,cheese_quesadilla,grains_pasta_bread,A,0078858510620,False,needs_review,,NO,NO,NO,NO,NO,,,
58,legacy_roland_organic_udon_noodles,Roland Organic Udon Noodles,,grains_pasta_bread,A,0099999291612,False,needs_review,,NO,NO,NO,NO,NO,,,
59,legacy_dave_s_killer_bread,Dave's Killer Bread,turkey_sandwich,grains_pasta_bread,B+,0013764027053,False,needs_review,,NO,NO,NO,NO,NO,,,
60,legacy_rao_s_homemade_spaghetti,Rao's Homemade Spaghetti,,grains_pasta_bread,B+,0747479100007,False,needs_review,,NO,NO,NO,NO,NO,,,
61,legacy_lundberg_jasmine_rice,Lundberg Jasmine Rice,,grains_pasta_bread,A+,,False,needs_review,,NO,NO,NO,NO,NO,,,
62,legacy_jovial_einkorn_pasta,Jovial Einkorn Pasta,butter_parmesan_pasta,grains_pasta_bread,A+,,False,needs_review,,NO,NO,NO,NO,NO,,,
63,legacy_bionaturae_sourdough_fusilli,Bionaturae Sourdough Fusilli,turkey_sandwich,grains_pasta_bread,A+,,False,needs_review,,NO,NO,NO,NO,NO,,,
64,legacy_bionaturae_sourdough_spaghetti,Bionaturae Sourdough Spaghetti,turkey_sandwich,grains_pasta_bread,A+,,False,needs_review,,NO,NO,NO,NO,NO,,,
65,legacy_pasta_toscana_farfalle,Pasta Toscana Farfalle,butter_parmesan_pasta,grains_pasta_bread,A,,False,needs_review,,NO,NO,NO,NO,NO,,,
66,legacy_roland_organic_lo_mein_noodles,Roland Organic Lo Mein Noodles,,grains_pasta_bread,A,,False,needs_review,,NO,NO,NO,NO,NO,,,
67,legacy_bob_s_red_mill_gf_all_purpose_flour,Bob's Red Mill GF All-Purpose Flour,,grains_pasta_bread,A,,False,needs_review,,NO,NO,NO,NO,NO,,,
68,legacy_siete_maiz_tortillas,Siete Maiz Tortillas,cheese_quesadilla,grains_pasta_bread,A,,False,needs_review,,NO,NO,NO,NO,NO,,,
69,legacy_funny_farm_goat_cheddar_mac,Funny Farm Goat Cheddar Mac,,grains_pasta_bread,A-,,False,needs_review,,NO,NO,NO,NO,NO,,,
70,legacy_jovial_gf_mac_cheese,Jovial GF Mac & Cheese,,grains_pasta_bread,A-,,False,needs_review,,NO,NO,NO,NO,NO,,,
71,legacy_serenity_kids_organic_roots,Serenity Kids Organic Roots,,kids,A+,0850000411005,True,needs_review,,NO,NO,NO,NO,NO,,,
72,legacy_golden_farms_organic_mango_sauce,Golden Farms Organic Mango Sauce,,kids,A+,0697539301113,True,needs_review,,NO,NO,NO,NO,NO,,,
73,legacy_yumi_organic_bar,Yumi Organic Bar,,kids,A-,0850033324082,True,needs_review,,NO,NO,NO,NO,NO,,,
74,legacy_happy_tot_super_bellies,Happy Tot Super Bellies,,kids,A-,0015000118617,True,needs_review,,NO,NO,NO,NO,NO,,,
75,legacy_cerebelly_smart_bars,Cerebelly Smart Bars,,kids,C+,0850003898544,True,needs_review,,NO,NO,NO,NO,NO,,,
76,legacy_serenity_kids_free_range_turkey_pouch,Serenity Kids Free Range Turkey Pouch,,kids,A+,,True,needs_review,,NO,NO,NO,NO,NO,,,
77,legacy_serenity_kids_grass_fed_bison_pouch,Serenity Kids Grass Fed Bison Pouch,,kids,A+,,True,needs_review,,NO,NO,NO,NO,NO,,,
78,legacy_serenity_kids_free_range_chicken_pouch,Serenity Kids Free Range Chicken Pouch,,kids,A+,,True,needs_review,,NO,NO,NO,NO,NO,,,
79,legacy_serenity_kids_organic_carrot_spinach_basil,Serenity Kids Organic Carrot Spinach & Basil,,kids,A+,,True,needs_review,,NO,NO,NO,NO,NO,,,
80,legacy_serenity_kids_organic_butternut_squash_spinach,Serenity Kids Organic Butternut Squash & Spinach,,kids,A+,,True,needs_review,,NO,NO,NO,NO,NO,,,
81,legacy_soom_tahini,Soom Tahini,hummus,pantry_condiments,A+,0810084230008,False,needs_review,,NO,NO,NO,NO,NO,,,
82,legacy_gotham_greens_classic_pesto,Gotham Greens Classic Pesto,,pantry_condiments,A,0853927003346,False,needs_review,,NO,NO,NO,NO,NO,,,
83,legacy_muir_glen_organic_tomato_basil_sauce,Muir Glen Organic Tomato Basil Sauce,,pantry_condiments,A,0725342283569,False,needs_review,,NO,NO,NO,NO,NO,,,
84,legacy_seed_mill_tahini,Seed & Mill Tahini,hummus,pantry_condiments,A,0859921006550,False,needs_review,,NO,NO,NO,NO,NO,,,
85,legacy_crofter_s_organic_fruit_spread,Crofter's Organic Fruit Spread,,pantry_condiments,A,0067275006519,False,needs_review,,NO,NO,NO,NO,NO,,,
86,legacy_kettle_fire_chicken_broth,Kettle & Fire Chicken Broth,,pantry_condiments,B+,0851702007022,False,needs_review,,NO,NO,NO,NO,NO,,,
87,legacy_maranatha_organic_peanut_butter,MaraNatha Organic Peanut Butter,peanut_butter_jam_sandwich,pantry_condiments,B+,0051651093309,False,needs_review,,NO,NO,NO,NO,NO,,,
88,legacy_justin_s_classic_almond_butter,Justin's Classic Almond Butter,almond_butter_jam_sandwich,pantry_condiments,B+,0894455000315,False,needs_review,,NO,NO,NO,NO,NO,,,
89,legacy_primal_kitchen_mayo_avocado_oil,Primal Kitchen Mayo (Avocado Oil),,pantry_condiments,A+,,False,needs_review,,NO,NO,NO,NO,NO,,,
90,legacy_rao_s_marinara,Rao's Marinara,,pantry_condiments,A+,,False,needs_review,,NO,NO,NO,NO,NO,,,
91,legacy_evergreen_waffles,Evergreen Waffles,,frozen_foods,A+,0860001627237,False,needs_review,,NO,NO,NO,NO,NO,,,
92,legacy_ezekiel_4_9_sprouted_bread,Ezekiel 4:9 Sprouted Bread,turkey_sandwich,frozen_foods,A+,0073472001202,False,needs_review,,NO,NO,NO,NO,NO,,,
93,legacy_force_of_nature_beef_meatballs,Force of Nature Beef Meatballs,beef_meatballs,frozen_foods,A+,0850054360229,False,needs_review,,NO,NO,NO,NO,NO,,,
94,legacy_birch_benders_paleo_waffles,Birch Benders Paleo Waffles,,frozen_foods,A,0810001561246,False,needs_review,,NO,NO,NO,NO,NO,,,
95,legacy_snow_days_pizza_bites,Snow Days Pizza Bites,pizza_bites,frozen_foods,A-,0850025667081,False,needs_review,,NO,NO,NO,NO,NO,,,
96,legacy_nature_s_path_organic_waffles,Nature's Path Organic Waffles,,frozen_foods,B-,0058449590774,False,needs_review,,NO,NO,NO,NO,NO,,,
97,legacy_amy_s_cheese_pizza,Amy's Cheese Pizza,,frozen_foods,B-,0042272001019,False,needs_review,,NO,NO,NO,NO,NO,,,
98,legacy_jesse_ben_s_tallow_fries,Jesse & Ben's Tallow Fries,,frozen_foods,A+,,False,needs_review,,NO,NO,NO,NO,NO,,,
99,legacy_rootsy_yuca_waffles,Rootsy Yuca Waffles,,frozen_foods,A+,,False,needs_review,,NO,NO,NO,NO,NO,,,
100,legacy_true_story_protein_toppers,True Story Protein Toppers,,frozen_foods,A+,,False,needs_review,,NO,NO,NO,NO,NO,,,
